id,Title,Content,"WPML Translation ID","WPML Language Code",author,_author,author_joined,_author_joined,rating,_rating
780,"Das beste Tool für Analysen","[funnel] ist zwar ein Werkzeug, trotzedem kann es eine tiefe und detaillierte Analyse ausführen. Die wird bestimmt beim Abschließen eines wirklich einträglichen Geschäfts helfen. Dies ist wirklich das beste Werkzeug, das ich jemals ausprobiert habe. Du kannst dich selbst davon überzeugen lassen",130,de,"Benjamin F.",field_60ed4e655dfec,20210205,field_60ed4e8c5dfed,5/5,field_60ed69d53445c
781,"Überrascht von der Qualität","Die Möglichkeiten von [funnel] haben mich echt überrascht. Ich finde es nötig und wichtig, Geschäfte mit vordefinierten SL und TP schnell eröffnen zu können. Mit dem Support bin ich auch total zufrieden. Sehr empfehlenswert.",131,de,"Matthias B.",field_60ed4e655dfec,20210522,field_60ed4e8c5dfed,4/5,field_60ed69d53445c
782,"Tolle Effektivitätvon Prognosen","Ich muss euch unbedingt von [funnel] erzählen. Dieses Tool hat mir sehr geholfen, die Effektivität von Prognosen bedeutend zu verbessern. Seine Unabhängigkeit scheint ganz attraktiv zu sein, sowie auch die Tatsache, dass es rund um die Uhr funktioniert. Ein Traum für jeden Trader",132,de,"Marco L.",field_60ed4e655dfec,20210402,field_60ed4e8c5dfed,4/5,field_60ed69d53445c
783,"Nur positive Erfahrungen","Meine Erfahrungen mit [funnel] möchte ich mit euch gerne teilen. Ich bin überzeugt, dass jeder anstädige Händler einem Autotrading-System vertrauen sollte, das in der Lage ist, seine Verkäufe aufzubessern. Das System wird dem Händler auch ermöglichen, Geld zu verdienen.",133,de,"Philipp H.",field_60ed4e655dfec,20210315,field_60ed4e8c5dfed,5/5,field_60ed69d53445c
784,"Eine vielsprechende platform","Eine neue und vielversprechende Plattform [funnel] wird fur Anfänger bestimmt behilflich sein, ihren Handel in die richtige Richtung zu steuern. Die Anfänger werden jeden Schritt verfolgen und neue Strategien erlernen können. Du solltest die bestimmt ausprobieren.",134,de,"Klaus S.",field_60ed4e655dfec,20210613,field_60ed4e8c5dfed,4/5,field_60ed69d53445c
785,"Tolle techologie für den handel mit kryptowährungen","Die Tatsache, dass die Technologien und der Online-Handel viel weiter fortgeschritten sind, freut mich sehr. Vom [funnel]-Algorithmus bin ich total begeistern, da er mir geholfen hat, die allerbesten Strategien zu finden sowie auch mein eigenes Einkommen zu steigern.",135,de,"Dennis G.",field_60ed4e655dfec,20210714,field_60ed4e8c5dfed,5/5,field_60ed69d53445c
786,"Sehr Hilfsreich","Was kann ich sagen, mit dem [funnel]-Algorithmus bin ich ganz zufrieden. Der ist sehr behilflich, wenn ich die Kurse für einen bestimmten Zeitraum verfolgen muss, oder wenn die Marktsituation einzuschätzen ist. Bei der Prognose der Veränderungen ist er auch unentbehrlich. Im Grunde genommen, die von ihm ermöglichten Gewinne sind nicht zu verachten.",136,de,"Jürgen H.",field_60ed4e655dfec,20210724,field_60ed4e8c5dfed,5/5,field_60ed69d53445c
787,"Für Anfängerund erfahrene","Im Moment habe ich nichts Besseres gefunden als [funner].Selbst Anfängern können die Zahl der Transaktionen verdienen und die sogarerhöhen. Ich habe vor, meine Einzahlung sowie auch mein Einkommen zu erhöhen.",137,de,"Philipp A.",field_60ed4e655dfec,20210519,field_60ed4e8c5dfed,4/5,field_60ed69d53445c
788,"Eine sehr gute Erfindung","Ich nehme mal an, jeder von dieser brillanten Erindung wissen sollte. Es gibt ja nichts Besseres, als die. Obgleich ich ein Anfänger im Trading bin, hat mir [funnel] vieles beigebracht. So viel Geld hab' ich noch nie in meinem Leben verdient. Krasse!",138,de,"Lucas J.",field_60ed4e655dfec,20210412,field_60ed4e8c5dfed,5/5,field_60ed69d53445c
789,"Automatisierung von gewinn","Ich mache meine ersten Schritte als Trader und mehr kann ich mir nicht wünschen. Die Automatisierung von [funnel] hat mir ermöglicht, meinen Gewinn zu erhöhen. Die Zahl der Geschäfte hat mittlerweile auch zugenommen. Die Platform ist echt empfehlenswert.",139,de,"Max F.",field_60ed4e655dfec,20210614,field_60ed4e8c5dfed,5/5,field_60ed69d53445c
790,"Das neue unübertroffene system","Das neue [funnel]-System hat meinen Traum verwirklicht - nun verdiene ich doppelt so viel, da die Plattform nun effizienter funktioniert. Man braucht keine Zeit mehr auf alle Berechnungen vergeuden zu müssen, weil die für Sie von jedem erledigt werden!",140,de,"Dirk L.",field_60ed4e655dfec,20210820,field_60ed4e8c5dfed,4/5,field_60ed69d53445c
791,"Die beste Lösung im Trading","Das ist die beste Lösung, die im Trading gefunden werden kann. [funnel] macht es möglich, den Handelsprozess rund um die Uhr abzuhalten. Dies finde ich ganz wichtig, weil ich nun meine Zeit anderen Aktivitäten widmen kann.",141,de,"Leon M.",field_60ed4e655dfec,20210224,field_60ed4e8c5dfed,4/5,field_60ed69d53445c
792,"Ein genialer algorithmus","Ohne Zweifel ist es der beste Algorithmus, der für den Handel [funnel] mit Kryptowährungen je erschaffen wurde. Davon habe ich mich überzeugen lassen, als ich mir die fertigen Finalcharts anschaute. Der Algorithmus bietet Interessante Strategien und eine genaue Prognose für Preisänderungen auf dem Markt an.",142,de,"Markus S.",field_60ed4e655dfec,20210302,field_60ed4e8c5dfed,5/5,field_60ed69d53445c
793,"Eine neue und Vielsprechende Plattform","Die neueste Plattform [funnel] hat sich mit ihren Fähigkeiten, die nicht nur für Anfänger, sondern auch für erfahrene Trader benötigt werden, sehr gefreut. Es ist sehr einfach zu bedienen und die Mindesteinzahlung zahlt sich immer aus.",143,de,"Niklas P.",field_60ed4e655dfec,20210424,field_60ed4e8c5dfed,5/5,field_60ed69d53445c
794,"Gute Prognosenund Analysen","Über die Neuheit von der [funnel]-Plattform freue ich mich sehr. Nie zuvor hat man mir so genaue Analysen und Prognosen angeboten. Nicht nur Anfänger sollten dies Produkt interessant finden. Das wird auch für erfahrene Trader taugen.",144,de,"Jörg S.",field_60ed4e655dfec,20210330,field_60ed4e8c5dfed,5/5,field_60ed69d53445c
795,"Viel Zeit wird gespart","[funnel] hat mir so viel Zeit erspart. Das Tool führt alle Analysen selbstständig aus. Darüber hinaus, erinnert auch auch daran, eure Transaktion nicht zu verpassen und die durchzuführen. Mit dem Tool bin ich ganz zufrieden. Sehr empfehlenswert.",145,de,"Thomas B.",field_60ed4e655dfec,20210429,field_60ed4e8c5dfed,5/5,field_60ed69d53445c
796,"Nichts Besseres gibt es auf dem markt","Nach all meinem Suchen kann ich nun behaupten, dass [funnel] im Moment das beste Tool für Trader ist. Auf seine Hilfe sollte niemand verzichten, von erfahrenen Spezialisten bis zu Anfängern, die alles von Software lernen können.",146,de,"Benjamin S.",field_60ed4e655dfec,20210818,field_60ed4e8c5dfed,4/5,field_60ed69d53445c
797,"Ein tolles Werkzeug fürs Geldverdienen","Nichts Besseres als [funnel] hab' ich bislang gefunden. Das System ist ganz einfach und hilft euch auch ganz gutes Geld zu verdienen. Man sollte es auf jeden Fall selbst ausprobieren, um sicherzustellen, was für eine bequeme Innovation im Handel es wirklich ist.",147,de,"Martin W.",field_60ed4e655dfec,20210313,field_60ed4e8c5dfed,5/5,field_60ed69d53445c
798,"Unglaublich effizient","Das erste Mal als ich von [funnel] gehört habe, hab' ich mir gedacht, es sei halt Geldverschwendung. Trotdzem habe ich dann herausgestellt, dass es viel bequemer ist, als ich mir zuvor gedacht hatte. Ihr braucht also keine Zeit mehr auf Analysen und Prognosesn zu verschwenden. Alles wird für sie automatisch erledigt.",148,de,"Frank C.",field_60ed4e655dfec,20210325,field_60ed4e8c5dfed,5/5,field_60ed69d53445c
799,"Eine krasse Plattform für den kryptowährungenhandel","Das [funnel]-Tool ist in der Tat ein großer Fund. Sein größter Vorteil besteht darin, dass sich unerfahrene Trader an dieses Trading-Tool jedesmal wenden können, wenn sie Informationen über verschiedene Handelsstrategien brauchen. Man kann einfach zuschauen, wie es funktioniert und dabei was Neues lernen.",149,de,"Andreas J.",field_60ed4e655dfec,20210627,field_60ed4e8c5dfed,5/5,field_60ed69d53445c
800,"Merh Verdienste","Oft bin ich spielsüchtig und verliere dadurch Geld. Dank [funnel] verliere ich kein Geld mehr. Ganz im Gegenteil, nun bin ich nur durch Gewinne begleitet. Mit der praktischen Benutzeroberfläche ist es ganz einfach, Geld einzuzahlen und abzuheben.",150,de,"Mike E.",field_60ed4e655dfec,20210311,field_60ed4e8c5dfed,5/5,field_60ed69d53445c
801,"Perfektes technisches Support","Es ist ja bewundernswert, wie einfach dieser Service funktioniert. Ich finde es schön, dass meine Zeit hier geschätzt wird. Das Niveau des technischen Supports ist einfact großartig. Jedesmal wenn ich Probleme mit dem Algorithmus hatte, waren sie immer hilfsbereit.",151,de,"Ralph K.",field_60ed4e655dfec,20210810,field_60ed4e8c5dfed,4/5,field_60ed69d53445c
802,"Vortreffliche Prognosen und Analysen","Es gibt eine Unmenge von Informationen über Handelssoftware im Internet. Bei Analysen und Prognosen sind sie tatsächlich behilflich. Auf der offiziellen Website von [funnel] kann man nachlesen, wie das ganze System funktioniert. Das Interface ist ganz einfach und bequem.",152,de,"Dirk R.",field_60ed4e655dfec,20210126,field_60ed4e8c5dfed,4/5,field_60ed69d53445c
803,"Die coole Plattform","Von Funnel bin ich wirklich beeindruckt. Die Software ist unersetzbar, wenn es um erfolgreiche Transaktionen und Gewinne geht. Die kann auch den Markt perfekt analysieren und rechtzeitig auf Veränderungen reagieren.",153,de,"Jürgen T.",field_60ed4e655dfec,20210215,field_60ed4e8c5dfed,5/5,field_60ed69d53445c
804,"Fantastische Benutzeroberfläche","Ich benutze die [funnel]-Software bereits seit ein paar Monaten. Die lässt sich nur mit den besten Adjektiven beschreiben. Natürlich hilft die mir einen guten Gewinn zu erzielen. Außerdem funktioniert sie echt einfach. Der Benutzeroberfläche kann man sich ganz einfach bedienen.",154,de,"Steffen Y.",field_60ed4e655dfec,20210323,field_60ed4e8c5dfed,4/5,field_60ed69d53445c
805,"Für Anfänger und erfahrene Trader","Die Traders, die keine Erfahrung haben, sollten sich an [funnel] wenden. Als ich noch Anfänger war, hat es mir geholfen, Tests durchzuführen, für die ich ich früher eine Menge Zeit aufgewendet hätte. Der Algorithmus hat es viel schneller geschafft und ich habe dadurch mehr Gewinne erzielt.",155,de,"Martin U.",field_60ed4e655dfec,20210717,field_60ed4e8c5dfed,5/5,field_60ed69d53445c
806,"Mann kann viel Geld verdienen","Bis jetzt habe ich kein besseres Tool als [funnel] gefunden. Damit kann man das Plus eingeben, wonach die Anzahl der Transaktionen zunimmt. Die Software hilft auch Geld zu sparen. Ihr solltet die nur selbst ausprobieren, um zu verstehen, wie dort alles funktioniert.",156,de,"René I.",field_60ed4e655dfec,20210322,field_60ed4e8c5dfed,5/5,field_60ed69d53445c
807,"Das beste Tool im Trading von Kryptowährungen","Hallo! Ich bin erst ein Anfänger und von [funnel] kann ich nicht genung kriegen. Das System ist imstande alle Algorithmen für mich auszuarbeiten. Von dem ganzen Prozess kann ich vieles lernen. Meiner Überzeugung nach müsste jeder unerfahrene Händler dieses Tool schätzen.",157,de,"Frank O.",field_60ed4e655dfec,20210708,field_60ed4e8c5dfed,5/5,field_60ed69d53445c
808,"Herrlicher Service","Ich bin wieder einmal davon überzeugt, dass [funnel] ein hervorragender Service ist. Der macht die ganze Arbeit für euch. Der behält auch das positive Niveau von eurem Konto im Auge. Diejenigen, die immer beschäftigt sind, werden so eine Plattform bestimmt sehr nützlich finden.",158,de,"Sven P.",field_60ed4e655dfec,20210809,field_60ed4e8c5dfed,5/5,field_60ed69d53445c
809,"Verdoppelte gewinne","Ein Freund von mir, der bei [funnel] arbeitet, hat mir darüber erzählt. Nun kann ich es nicht umhin, als meine Begeisterung von der Plattform zu äußern. Die hilft mir beim Handel mit Kryptowährung. Die Gewinne haben sich verdoppelt, da das System rund um die Uhr funktioniert.",159,de,"Paul A.",field_60ed4e655dfec,20210604,field_60ed4e8c5dfed,4/5,field_60ed69d53445c
810,"Das einfachste Tool","Ich glaube, dass der [Trichter] Algorithums lässt sich am einfachsten zu bedienen. Schließlich brauche ich mir überhaupt keine Mühe zu geben, um den zu konfigurieren. Es haben sich bisher keine Ausfälle erreignet, und dieses System erfüllt seine Aufgabe perfekt. Ich mache nun große Gewinne damit.",160,de,"Thorsten S.",field_60ed4e655dfec,20210705,field_60ed4e8c5dfed,4/5,field_60ed69d53445c
811,"Eine großartige Erfindung","Ich freue mich sehr darüber, dass man so eine Plattform wie [funnel] erfunden hat. Meine Versuche Trading sind inzwischen effizienter und profitabler geworden. Manuelles Zählen hat trotzdem immer viel Zeit in Anspruch genommen. Aber nicht mehr. Eine sehr empfehlenswerte Platform.",161,de,"Jörg D.",field_60ed4e655dfec,20210415,field_60ed4e8c5dfed,5/5,field_60ed69d53445c
812,"Eine Plattform die alles für dich macht","Die ausgezeichnete Plattform [funnel] hat es mir ermöglicht, meine Rentabilität aufzubessern und eine anständige Anzahl von Transaktionen durchzuführen, von der ich sehr profitiert habe. Nach ein paar Monaten hob ich das verdiente Geld problemlos ab.",162,de,"Tom F.",field_60ed4e655dfec,20210611,field_60ed4e8c5dfed,4/5,field_60ed69d53445c
813,"Ein echter fund","Schon seit vielen Jahren bin ich im Kryptowährungenhandel tätig. Für mich war [funnel] ein Glücksfall. Das System kann super schnell auf alle Veränderungen auf dem Markt. Ein paar Mal war ich ein wenig unaufmerksam, aber der Algorithmus hat alles pünktlich erledigt.",163,de,"Dirk G.",field_60ed4e655dfec,20210728,field_60ed4e8c5dfed,5/5,field_60ed69d53445c
814,"Das bequemerste tool auf dem markt","[funnel] was das bequemerste Tool für den Handel, dass ich habe finden können. Auf dieser Site kann man einen automatischen Suchmodus einstellen. Danach können die Transaktionen erfolgreicher ausgeführt werden. Das Tool kann ich nicht nur für Anfänger empfehlen, sondern auch für erfahrene Trader.",164,de,"Kevin H.",field_60ed4e655dfec,20210618,field_60ed4e8c5dfed,4/5,field_60ed69d53445c
815,"Ein perfekter algorithmus fürs trading","Als Anfänger finde ich [funnel] sehr behilflich. Deswegen kann es einem unerfahrenen Benutzer nicht einfach vorkommen, alle Parameter der detaillierten Konfiguration in Rücksicht zu nehmen. Man wird niemals einen detaillierteren Algorithmus oder eine detailliertere Analyse erhalten.",165,de,"Sven J.",field_60ed4e655dfec,20210115,field_60ed4e8c5dfed,4/5,field_60ed69d53445c
816,"Große gewinne und keine Zeitvergeudung","Aller Warscheinlichkeit nach kann ich mich nicht daran erinnern, wie oft ich versucht habe, ein erfolgreicher Trader zu sein. Mithilfe von [funnel] konnte ich einen großen Gewinn erzielen, die Mindesteinzahlung kann ein wenig abschreckend scheinen, aber es wird sich lohnen und man wird bestimmt Gewinne erzielen.",166,de,"Wolfgang K.",field_60ed4e655dfec,20210625,field_60ed4e8c5dfed,4/5,field_60ed69d53445c
817,"Leichte transaktionen","Ich muss sagen ich bin ganz neu im Trading. Zuerst fand ich es wirklich schwierig. Ich hab' Geld verloren. Dennoch hat mir [funnel]-Software geholfen, kein Geld mehr zu verlieren. Darüber hinaus, hat die Zahl der Transaktionen zugenommen. Ich habe schon 500 Euro eingezahlt. Auch habe ich vor, die Summe zu erhöhen, da ich ich einen guten Gewinn erzielen werden.",167,de,"Stephan L.",field_60ed4e655dfec,20210329,field_60ed4e8c5dfed,5/5,field_60ed69d53445c
818,"Automatisierte software","Was für eine geniale Erfindung [funnel]! Natürlich ist keiner in der Lage, eine Unmenge Informationen zu verarbeiten. Dieses Tool schafft es aber. Von Vorteil ist auch die Tatsache, dass die Software automatisiert ist, wodurch sie euch viel Zeit spart. Mann kann auch auf mehreren Plattformen gleichzeitig handeln.",168,de,"Steffen Z.",field_60ed4e655dfec,20210214,field_60ed4e8c5dfed,4/5,field_60ed69d53445c
819,"Keine fehler und gute Effektivität","Niemand ist vor Fehlern geschützt, selbst erfahrene Trader. Letztes Jahr hatte ich mich geirrt bei den Berechnungen. Der [funnel] Algorithmus aber hat mir geholfen, keine Fehler mehr bei den Berechnungen zu begehen sowie auch den Verlust der Kryptowährung zu vermeiden. Das System lässt sich ganz einfach bedienen und spart enorm viel Zeit.",169,de,"Sebastian W.",field_60ed4e655dfec,20210428,field_60ed4e8c5dfed,5/5,field_60ed69d53445c
820,"Ein wundervoller Algorithmus","Der [funnel]-Algorithmus ist ein Zauberer! Ich kann nun den automatischen Handel rund um die Uhr mit Kryptowährungen einrichten. Die Krönung des Ganzen - der Algorithmus hat die Eigenschaften des Selbstlernens. Ich bin mit meinem Verdienst sehr zufrieden und habe überhaupt nicht vor, die Plattform zu wechseln.",170,de,"René X.",field_60ed4e655dfec,20210819,field_60ed4e8c5dfed,4/5,field_60ed69d53445c
821,"Das einfache System","Moin moin! Das begeisterte Feedback über [funnel] möchte ich gerne unterstützen. Darauf würde ich mich besonders freuen. Manche würden sagen, die ganze Sache sei zu kompliziert. Das glaube ich jedoch nicht. Die ganze Software kann an einem Tag programmiert werden und dann kann man sich entspannen - die ganze Arbeit wird von ihr erledigt.",171,de,"Luca C.",field_60ed4e655dfec,20210801,field_60ed4e8c5dfed,4/5,field_60ed69d53445c
822,"Ein perfekter Assistent","Trading-Tool [funnel] ist ohne jeden Zweifel ein hervorragender Assistent beim Handel mit Kryptowährungen geworden. Ich bin in diesem Feld schon seit mehreren Jahren tätig und diese großartige Entdeckung kommt mir sehr gelegen. Ich mache gutes Geld damit und die Transaktionen nehmen immer wieder zu.",172,de,"Frank V.",field_60ed4e655dfec,20210506,field_60ed4e8c5dfed,5/5,field_60ed69d53445c
823,"Gute gewinne und Automatisierung","Trading ist eine saufette Möglichkeit, Zaster zu machen. Mit [funnel] wird es noch leichter. Das Tool benutze ich schon seit langem. Das Resultat? Mehr Freizeit und höheres Einkommen. Es wird sich zumindest lohnen, das Tool auszuprobieren.",173,de,"Christian B.",field_60ed4e655dfec,20210615,field_60ed4e8c5dfed,4/5,field_60ed69d53445c
824,"Präzise prognosen und Analysen","Es ist eine kurze Zeit her, dass ich von dem neuen [funnel] Algorithmus gehört habe. Seine Leistung ist über alles Lob erhaben. Er kann Prognosen und Preisänderungen auf dem Markt wesentlich verbessern. Ich werde es nie vesrtehen, wie ich früher ohnen ihn auskam. Der macht mein Leben viel einfacher und bequem. Alle Schritte kann man nachvollziehen.",174,de,"Jörg N.",field_60ed4e655dfec,20210408,field_60ed4e8c5dfed,5/5,field_60ed69d53445c
825,"Nur positives feedback","Mit [funnel] arbeite ich erst seit ein Paar Monaten. In dem Moment kann ich darüber nichts Negatives sagen. Bisher habe ich überhaupt kein Geld verloren. Meine Transaktionen werden erfolgreich durchgeführt. Alles geht also tiptop. Die Schnittstelle und der technische Support sind ausgezeichnet. Das Geld kann mühelos abgehoben werden.",175,de,"Steffen M.",field_60ed4e655dfec,20210601,field_60ed4e8c5dfed,4/5,field_60ed69d53445c
826,"Kann viele Informationen bearbeiten","[funnel] ist einfach krasse! Was Besseres kann man sich gar nicht wünschen. Ich handele mit Kryptowährung und das Tool kann so unheimlich viele Informationen bearbeiten, dass ich sonst mehrere Tage wach bleiben müsste, um alles selbst hinzukriegen. Natürlich ist das Tool absolut empfehlenswert.",176,de,"Mike P.",field_60ed4e655dfec,20210624,field_60ed4e8c5dfed,4/5,field_60ed69d53445c
827,"Die besten Strategien und Analysen","Ich bin schon langer Zeit im Trading tätig. Ich hab' aber zum allerersten Mal von solchen Innovationen wie [funnel] gehört. Die mehreren Monate, die ich auf der Platform gearbeitet habe, sprechen allzu deutlich dafür, dass mein Verdienst immer wieder zunimmt. Der Service bietet nur die besten Strategien und genaue Analysen an.",177,de,"Sebastian O.",field_60ed4e655dfec,20210301,field_60ed4e8c5dfed,5/5,field_60ed69d53445c
828,"Der beste Wegführer im Trading","Die Platform is einfach hervorragend. All Ihre Bemühungen werden dadurch bedeutend erleichtert. Sollten Sie noch nichts von Handelssoftware gehört haben, dann sollten Sie sich unbedingt mit [funnel] vertraut machen. Es spielt ja keine Rolle, ob Sie erst Ihre ersten Schritte in dem Gebiet machen, oder sich schon mehrere Jahre damit beschäftigen. Jeder wird davon profitieren.",178,de,"Peter I.",field_60ed4e655dfec,20210728,field_60ed4e8c5dfed,4/5,field_60ed69d53445c
829,"Ganz einfaches system","Neulich bin ich auf die offizielle Website von [funnel] gestoßen und habe von den wunderbaren Neuheiten erfahren. Die Platform funktioniert ganz einfach. Ich brauche mich um nichts zu kümmern. Alles wird automatisch erledigt. Ich kriege wohl auch ständig schöne Reports und Charts, die es mir ermöglichen, den Handelsprozess zu verfolgen.",179,de,"Ralph K.",field_60ed4e655dfec,20210118,field_60ed4e8c5dfed,4/5,field_60ed69d53445c
830,"Ein unersetzbarer Algorithmus","Mit [funnel] bin ich extrem zufrieden. Ich bin im Kryptowährungshandel tätig und dieser Algorithmus kann mit irgendeinem Kryptowährungspaar arbeiten, das man auf der Liste der Börse finden kann. Man kann auch alle notwendigen Informationen zu diesem Service auf der offiziellen Webseite nachlesen.",180,de,"Benjamin F.",field_60ed4e655dfec,20210423,field_60ed4e8c5dfed,4/5,field_60ed69d53445c
831,"Mein Leben wurde verändert","Vor kurzem habe ich von einem Service gehört, der mein Leben grundsätzlich verändert hat. Die [funnel]-Software kommt mir sehr gelegen, da er rund um die Uhr funktioniert. Das bedeutet halt auch, dass ich nun mehr Geld verdiene, was ich sehr wichtig finde.",181,de,"Jan K.",field_60ed4e655dfec,20210803,field_60ed4e8c5dfed,5/5,field_60ed69d53445c
832,"Der service ist für alle nützlich","Da ich über wesentliche Erfahrung im Trading verfüge, kann ich wohl sagen, dass es nichts Besseres als [funnel] gibt. Ich glaube der Service wäre auch für erfahrene Trader nützlich. Einer der wichtigsten Vorteile besteht darin, dass ich keine Emotionen empfinde, wenn ich mit dem arbeite. Das ist ganz behilflich jedesmal wenn ich Entscheidungen treffen muss bezüglich neuer Transakationen.",182,de,"Tim N.",field_60ed4e655dfec,20210704,field_60ed4e8c5dfed,4/5,field_60ed69d53445c
833,"Einfach zu benutzen","Ich habe zwar alles auf der Seite von [funnel] gelesen, aber zuerst war ich mir nicht sicher, ob die Platform richtig funktionieren konnte. Alle meine Zweifel waren aber verschwunden, als ich sie erstes Mal ausprobierte. Der Service ist auch für Anfänger ganz gut geeignet.",183,de,"Marco L.",field_60ed4e655dfec,20210228,field_60ed4e8c5dfed,5/5,field_60ed69d53445c
834,"Hätte ich davon früher gehört","Es ist ja wirklich schade, dass ich vorher gar nichts über Trading-Software wusste. Ein Freund von mir hat mir die empfohlen. Er fügte auch hinzu, dass ich keine Geld mehr verlieren würde. Na, er hatte völlig Recht! Jetzt mache ich gutes Geld mit meinen neuen Verkäufen. Die Mindesteinzahlung ist auch lekker. Was kann ich mir noch wünschen?",184,de,"Frank O.",field_60ed4e655dfec,20210201,field_60ed4e8c5dfed,5/5,field_60ed69d53445c
835,"Bin mit allem zufrieden","Ich bin ganz zufrieden mit [funnel]. Es geht nun nur bergauf mit meinen Verkäufen. Von daher ist auch mein Einkommen gestiegen. Die Mindesteinzahlung ist zwar hoch, aber völlig gerechtfertigt. Man muss sagen, dass die Software kein billiges Vergnügen ist, aber glauben Sie es mir, es wird sich bestimmt lohnen.",185,de,"Kevin Y.",field_60ed4e655dfec,20210424,field_60ed4e8c5dfed,5/5,field_60ed69d53445c
836,"Immer im plus","Meine Versuche mit Kryptowährung zu handeln sind auf eine uralte Zeit zurückzuführen. Ich habe aber nie im Plus sein können. Nun habe ich von [funnel] erfahren, einer Software, die all die Prognosen für mich macht. Die hilft auch gute Gewinne zu erzielen. Anfänger würden die sehr nützlich finden.",186,de,"Leon M.",field_60ed4e655dfec,20210701,field_60ed4e8c5dfed,4/5,field_60ed69d53445c
837,"Das beste Angebot auf dem Markt","Ich denke diejenigen, die [funnel] bereits ausprobiert haben, werden bestätigen, dass dieses Produkt das Beste ist, was ihnen bislang begegnet ist. Ich musste früher unheimlich viel Zeit aufwenden, um Aktienkurse zu analysieren. Die Situation sieht nun total anders aus - die ganze Arbeit wird von der Plattform gemacht und ich bekomme doppelt so viel Geld.",187,de,"Eric N.",field_60ed4e655dfec,20210323,field_60ed4e8c5dfed,5/5,field_60ed69d53445c
838,"Was Besseres kann man sich kaum wünschen","Hallo zusammen! Nach einer guten Trading-Software habe ich schon lange gesucht. Bisher hab' ich nichts Besseres gefunden als [funnel]. Der technische Support dort ist unübertroffen - die sind immer bereit, mir zu helfen, um das Werkzeug so schnell wie möglich wieder einsatzbereit zu machen.",188,de,"Niklas P.",field_60ed4e655dfec,20210313,field_60ed4e8c5dfed,4/5,field_60ed69d53445c
839,"Mein Leben wurde erleichtert","Über den neuen Service von [funnel] bin ich unglaublich erfreut. Dieses Tool wird euch das Leben beträchtlich erleichtern. Dies hat mit seiner unabhängigen Konstruktion von Algorithmen zu tun. Wenn Sie, z.B,, die Funktionen eures Handelssystems erweitern möchtet, müsstet ihr nur den Code eingeben und zack! Alles ist fertig.",189,de,"Christian B.",field_60ed4e655dfec,20210801,field_60ed4e8c5dfed,5/5,field_60ed69d53445c
840,"Guter verdienst","Anfang 2021 habe ich mich entschieden, den [funnel]-Bot anzuschließen. Seither bekomme ich Gewinne von 30 Prozent. Nicht schlecht, oder? Mir gefällt ja auch, dass der Bot im Automatikmodus funktioneren kann und ich brauche den überhaupt nicht zu kontrollieren. Ich habe auch vor, eine Einzahlung zu machen, um mein Einkommen zu erhöhen.",190,de,"Dirk Z.",field_60ed4e655dfec,20210208,field_60ed4e8c5dfed,4/5,field_60ed69d53445c
841,"Keine Angst vor Berechnungen","Des Tradings war ich schon immer müde. Der ganze Prozess bereitete mir immer Stress und Kopfschmerzen. [funnel] hat aber alles geändert. Von der Platform bin ich einfach begeistert. Nun habe ich keine Angst mehr vor vielen Berechnungen, da die ganze Arbeit für mich automatisch erledigt wird.",191,de,"Matthias J.",field_60ed4e655dfec,20210128,field_60ed4e8c5dfed,5/5,field_60ed69d53445c
842,"Das System hat mir viel geholfen","Ich bin ziemlich erfahren was den Kryptowährungshandel anbetrifft. Aber der ganze Prozess habe ich immer stressig gefunden. Nicht mehr! [funnel] hat alles grundsätzlich verändert. Von nun an brauche ich gar keine Berechnunge zu machen. Die Platform erledigt die ganze Arbeit für mich. Darüber hinaus mache ich gutes Geld damit. Ich bin also mit allem zufrieden.",192,de,"Ulrich T.",field_60ed4e655dfec,20210715,field_60ed4e8c5dfed,5/5,field_60ed69d53445c
843,"Ein guter Assistent für erfahrene","Ich beschäftige mich mit der Börse seit mehreren Jahren. In diesen Sachen bin ich schon ganz erfahren. Aber auf die Veränderungen auf dem Markt kann ich gar nicht so gut reagieren, wie [funnel]. Die Platform ist inzwischen zu meinem persönlichen Assistenten geworden. Ich profitiere nun von allen Gewinnmöglichkeiten, die sich bieten.",193,de,"Felix U.",field_60ed4e655dfec,20210709,field_60ed4e8c5dfed,5/5,field_60ed69d53445c
844,"Ein guter automatisierter Algorithmus","Immer habe ich einen starken Bedarf an an einem automatisierten Algorithmus gehabt. Ich arbeite bereits mehrere Jahre mit [funnel]. Die Software ist einfach ein Hammer. Die Strategien, die sie vorschlägt, sind top. Es gibt ja auch keine Probleme beim Geldabheben. Die Schnittstelle ist so komfortabel wie möglich.",194,de,"Thorsten S.",field_60ed4e655dfec,20210725,field_60ed4e8c5dfed,5/5,field_60ed69d53445c
845,"Alles wird rund um die Uhr gemacht","Online-Handel ist ein zusätzliches Einkommen für mich. Es bedarf vieler Energie, um den Kryptowährungshandel rund um die Uhr zu treiben. Auf der [funnel]-Plattform habe ich von einer Software gehört, die den ganzen Prozess bedeutend erleichtert. Ich verschwende nun viel weniger Zeit auf all die Aufgaben. Probieren Sie die selbst aus!",195,de,"Marcel H.",field_60ed4e655dfec,20210620,field_60ed4e8c5dfed,5/5,field_60ed69d53445c
846,"Für Anfänger und erfahrene","Ich bin mir sicher, dass es noch nichts Besseres erfunden worden ist, als [funnel]. Als Anfänger bin ich ganz erstaunt über seine Leistung. Früher verlor ich oft Geld. Heutzutage passiert es aber nicht mehr. Die Oberfläche ist ganz einfach zu bedienen, was meine Arbeit sehr vereinfacht.",196,de,"Patrick J.",field_60ed4e655dfec,20210524,field_60ed4e8c5dfed,5/5,field_60ed69d53445c
847,"Keine Zeit verschwenden","Ich bin seit mehreren Jahren an der Börse tätig. So was habe ich natürlich noch nie gesehen! [funnel] erleichtert den Handelsprozess. Außerdem brauche ich keine Zeit auf Analysen und anderen Dingen aufzuwenden. An einem Tag richte ich ein Tool ein und dann behalte ich einfach die Rentabilität des Handels im Auge.",197,de,"Christian M.",field_60ed4e655dfec,20210423,field_60ed4e8c5dfed,4/5,field_60ed69d53445c
848,"Handelstransaktionen besser durchführen","[funnel] benutze ich erst seit ein paar Monaten. Tja, was kann ich sagen - ich einfach mit allem zufrieden. Meine Handelsstrategien sind effizienter geworden. Die Plattform hilft, die Ein- und Ausstiegspunkte für eine Handelstransaktion viel genauer zu bestimmen. Einfach ein Hammer!",198,de,"Kevin M.",field_60ed4e655dfec,20210507,field_60ed4e8c5dfed,5/5,field_60ed69d53445c
849,"Perfektes Programm für Kryptowährungen","Ich habe vor kurzer Zeit angefangen, das [funnel]-System zu benutzen. Um ehrlich zu sein, bin ich ganz erstaunt. Zuerst habe ich nicht ganz verstanden, wie das System funktioniert und ob es einen Fehler in dem von mir eingestellten Programm geben wird. Nichtsdestoweniger läuft alles glatt. Das Programm folgt immer dem angegebenen Algorithmus.",199,de,"Stefan B.",field_60ed4e655dfec,20210104,field_60ed4e8c5dfed,5/5,field_60ed69d53445c
850,"Gutes Geld und keine Zeitverschwendung","Meine Geschichte mit [funnel] dauert seit 2020. Während der Zeit sind meine Verkäufe profitabler geworden. Zuvor waren meine Berechnungen sehr felherhaft gewesen, was dazu führte, dass ich mein Geld verlor. Die Platform macht jetzt alles für mich. Mit den Berechnungen beschäftige ich mich nicht mehr. Aber wohl mit viel Geld.",200,de,"Stephan E.",field_60ed4e655dfec,20200920,field_60ed4e8c5dfed,4/5,field_60ed69d53445c
851,"So was habe ich noch nie erlebt","Ich bin nur ein Anfänger in dem Bereich, aber ich habe es verstanden, dass [funnel]-Chip ein krasse Produkt ist. So was hab' ich noch nie erlebt. Früher hatte ich oft Geld verloren, aber der Algorithmus ist in der Lage, die richtige Strategie auszuwählen. Ich mache meine Verkäufe zum richtigen Zeitpunkt. Ich bin überzeugt davon, dass selbst Anfänger die Software sollten benutzen.",201,de,"Paul K.",field_60ed4e655dfec,20210712,field_60ed4e8c5dfed,5/5,field_60ed69d53445c
852,"Alles wird für mich erledigt","Mit der [funnel]-Software folge ich den Änderungen in Charts schon lange nicht mehr. Die notwendige Arbeit wird rund um die Uhr erledigt. Das ermöglicht mir zusätzliches Geld zu verdienen. Auf ein Ding möchte ich noch hinweisen - die Ein- und Auszahlungen sind total bequem. Die Benutzeroberfläche ist ganz angenehm zu bedienen.",202,de,"Jens F.",field_60ed4e655dfec,20210321,field_60ed4e8c5dfed,5/5,field_60ed69d53445c
853,"Jeder soll's versuchen","Ich habe mir Rezensionen über den [funnel]-Service im Internet angeschaut. Zu meinem Erstaunen bin ich auf diejenigen gestoßen, die das System nicht mögen. Schade, dass man nicht versteht, wie bequem und profitabel es ist. Meine Erfahrungen mit dem Produkt sind echt positiv. Ich brauche nicht mehr an den Transaktionen teilzunehmen. Alles wird durch die Plattform erledigt.",203,de,"René F.",field_60ed4e655dfec,20210112,field_60ed4e8c5dfed,4/5,field_60ed69d53445c
854,"Es gibt nur die Vorteile","Der Vorteil von [funnel] besteht in einer wichtigen für mich Tatsache - das System macht keine Fehler. Deswegen ist es unersetzbar, wenn es zu richtigen Strategien un deren Umsetzung kommt. Das ist genau etwas, was ich wirklich brauche. Die ganze Software ist einfact beeindruckend.. Außerdem ist der Gewinn deutlich zugenommen. Soll ich noch was mehr darüber erzählen?",204,de,"David F.",field_60ed4e655dfec,20210319,field_60ed4e8c5dfed,5/5,field_60ed69d53445c
855,"Ein Wunder der Technik","Das ist einfach ein Wunder. Ich bin schon lange an der Börse tätig und bisher habe ich noch niemals so etwas gesehen wie diese [funnel]-Software. Die erledigt jede einzige Aufgabe für mich, was ich am Anfang für sehr ungewönlich hielt. Die Reaktionsgeschwindigkeit auf Signale auf dem Markt ist fantastisch. Mein Fazit - sehr und sehr empfehlungswert.",205,de,"Thorsten K.",field_60ed4e655dfec,20210318,field_60ed4e8c5dfed,5/5,field_60ed69d53445c
856,"Die besten Analysen im Kryptowärhungentrading","Ich bin schon lange auf dem Forex-Markt und habe so etwas noch nie erlebt. Früher musste man so viel Zeit für Analysen und Strategien aufwenden, aber jetzt macht eine Plattform alles für einen, das freut mich. Übrigens können Sie auf der offiziellen Website [funnel] nachlesen, wie es funktioniert (dies ist für diejenigen, die gerade mit dem Handel begonnen haben).",206,de,"Stefan A.",field_60ed4e655dfec,20210802,field_60ed4e8c5dfed,5/5,field_60ed69d53445c
857,"Ein sehr komfortabler Service","Es ist ja wohl schon lange an der Zeit, den gesamten Online-Handel zu automatisieren. Es ist auch sehr komfortabel zu bedienen. Ich kann hier ein Beispiel anführen - der Kryptowährungshandel kann zeitraubend sein, von daher ist [funnel] meine beste Rettung. Der technische Support ist übrigens wunderbar und ist 24/7 verügbar. Das ist sehr kundenorientiert.",207,de,"Frank S.",field_60ed4e655dfec,20210104,field_60ed4e8c5dfed,4/5,field_60ed69d53445c
858,"Der beste bot auf dem Markt","Im Moment ist [funnel] ohne Zweifel der beste Bot. Es kann wohl andere Optionen geben, aber von denen habe ich noch gar nichts gehört. Den Bot empfehle ich gerne weiter. Mit dem kann man gutes Geld verdienen und jetzt gerade bin ich mit meinem Gewinn sehr zurieden. Unter anderem habe ich auch vor, die Einzahlung zu erhöhen, damit mein Einkommen auch steigt.",208,de,"Steffen E.",field_60ed4e655dfec,20210407,field_60ed4e8c5dfed,4/5,field_60ed69d53445c
859,"Die besten Prognoses und Strategien","Diese Rezension möchte ich sehr gerne für diejenigen hinterlassen, die ihre ersten Schritte in dem Bereich machen. Ich glaube man kann ohne [funnel]-Tool überhaupt nicht auskommen, wenn es ums Erlernen des Tradens geht. Man kann die erhaltenen Daten mihilfe von bunten Charts analysieren und die notwendigen Strategien für sich selbst hervorheben. Eine coole Option.",209,de,"Benjamin S.",field_60ed4e655dfec,20210818,field_60ed4e8c5dfed,4/5,field_60ed69d53445c
860,"Meine Zeit wird priorisiert","Servus! Im letzten Jahr habe ich begonnen, das automatisierte System [funnel] zu nutzen. Über seine Leistung bin ich sehr erfreut. Es ist ja prima, dass meine kostbare Zeit von IT-Entwicklern priorisiert wird. Ich vergeude keine Zeit mehr auf die Analysen der Marktsituation. Ich bekomme einen guten Gewinn. Probieren Sie das Produkt selbst aus. Es wird sich bestimmt lohnen.",210,de,"Robert V.",field_60ed4e655dfec,20210720,field_60ed4e8c5dfed,5/5,field_60ed69d53445c
861,"Ganz begeistert von diesem Produkt","Um ehrlich zu sein, bin ich total begeistert von den Technologien, die es mir ermöglichen, die Zeit zu sparen. Das neue Tool ist über alles Lob erhaben. Es hat mir unheimlich viel Arbeit abgenommen. Meine Aufgabe ist nur mich zu registrieren und eine Einzahlung zu tätigen. [funnel] Anfänger werden auch lernen, wie der Handel in einem neuen Format funktioniert. Ich habe bereits mit Aktien gehandelt und mit dem Geld bin ich auch absolut zufrieden.",211,de,"Mathias B.",field_60ed4e655dfec,20210602,field_60ed4e8c5dfed,5/5,field_60ed69d53445c
862,"Eine Menge von Vorteilen","Die Hauptvorteile (wie ich sie finde) sind die schnelle Eröffnung von Transaktionen mit vordefinierten SL und TP, sowie auch die Option, Orders ""mechanisch"" auf dem Chart zu verschieben. Von Vorteil sind auch der kostenlose Service für Registrierung über einen Referral-Link (das Win-Win-Modell), und die Geschwindigkeit des Terminals (alles läuft viel schneller als beim Binance-Terminal). Nicht zu vergessen ist auch die Tatsache, dass der Service ziemlich neu ist. Man arbeitetet jederzeit an seiner Verbesserung und das finde ich besonders wichtig.",212,de,"Jens W.",field_60ed4e655dfec,20210603,field_60ed4e8c5dfed,5/5,field_60ed69d53445c
863,"Das Arbeitsverfahren vom Roboter","Ich möchte hier ein wenig erzählen, wie der [funnel]-Roboter funktioniert. Das Funktionsprinzip ist ganz einfach. Man kauft zu einem fallenden Preis und verkauft dann, wenn der Wechselkurs steigt. Das in den Trading-Bot eingebettete Programm reagiert auf den automatisierten Algorithmus die so genannten Trades öffnet und schließt. Sollte man mehr darüber erfahren, kann man es in der Praxis ausprobieren. Es gibt nichts Schwieriges.",213,de,"Felix K.",field_60ed4e655dfec,20210821,field_60ed4e8c5dfed,4/5,field_60ed69d53445c
864,"Der Support ist ja ein Hammer","Es gefällt mir so sehr, dass [funnel] ein spezialisierter Service ist, den nicht jeder schätzen kann. Man muss sich erst registrieren, bevor man sich auf die Arbeit macht. Im Allgemeinen hat der Service auf mich einen positiven Eindruck gemacht, als ich mit Bitcoin gehandelt habe. Auf der Platform kann man echt Geld verdienen. Man soll aber zuerst lernen, wie das ganze System funktioniert. Eine Sache noch - mann kann noch nicht für das gesamte Depot kaufen - es gibt Einschränkungen.",214,de,"Philipp R.",field_60ed4e655dfec,20210519,field_60ed4e8c5dfed,5/5,field_60ed69d53445c
865,"Der Support ist ja ein Hammer","Sie dürfen schon verstanden haben, dass [funnel] kein Broker ist. Es ist ein Service, der den Kryptowährungshandel viel angenehmer und effizienter macht. Seine Leistung und Möglichkeiten haben mich wirklich überrascht, muss ich zugeben. Der Support ist auch ein Hammer. Alles funktioniert superglatt. Besten Dank für so ein Tool! Mit Binance können Sie viele Probleme nicht lösen, und der [funnel] macht für Sie alles, was Sie brauchen.",215,de,"Kevin G.",field_60ed4e655dfec,20210411,field_60ed4e8c5dfed,5/5,field_60ed69d53445c
866,"Die beste Software ever","Ich habe ein paar wichtige Sachen über den [funnel]-Roboter gelernt. Es gibt eine Funktion, die den Betrieb des Bots bei hoher Marktvolatilität aussetzt. Das ermöglicht dem Bot, angemessen auf den aktuellen Preis zu reagieren und Aufträge durchzuführen. Darüber hinaus, passt der Bot gut auf die Provisionen der Börsen auf. Nur ein einziges Detail ist mir ein bisschen merkwürdig vorgekommen - der Bot kann nur mit einem Paar handeln kann. Bestimmt wird der Service für Anfänger nützlich sein.",216,de,"Swen B.",field_60ed4e655dfec,20210818,field_60ed4e8c5dfed,5/5,field_60ed69d53445c
867,"Die tollste Plattform im Internet","Ich habe nach einer einträglichen Handelsplattform gesucht. Ich habe eine Menge Bewertungen gelesen und dann schließlich bin ich auf [funnel] gestoßen. Ich habe auch doch früher ins Ohr bekommen, dass algorithmischer Handel mittlerweile populär geworden war. Ich dachte es sei an der Zeit das Produkt selbst auszuprobieren. Die Mindesteinzahlung ist zwar hoch, aber im Moment scheint es sich zu lohnen. Mal sehen wie sich die Situation weiter entwickeln wird. Für mich ist das ein großer Vorteil, dass ich die Zitate nicht selbst analysieren muss. Ich glaube der Service wird in dem Bereich unsere Zukunft bestimmen.",217,de,"Wolfgang F.",field_60ed4e655dfec,20210712,field_60ed4e8c5dfed,4/5,field_60ed69d53445c
868,"Уine praktische Software","Ich befasse mich schon seit langem mit dem Online-Handel. Dennoch war ich ganz überrascht nach meiner ersten Begegnung mit [funnel]. So etwas hatte ich noch nie gesehen. Die Software funktioniert ganz praktisch. Die ist sehr einfach zu bedienen und ist auch für Anfänger geeignet. Zuerst habe Ich mit 300 Euro angefangen. Aber natürlich kann die Einzahlung erhöht werden. Der Gewinn spricht für sich selbst. Ich verschwende nun keine Zeit auf zahlreiche Analysen. Die Plattform macht alles von selbst. Ich bin neidisch auf diejenigen, die das System zum ersten Mal ausprobieren werden.",218,de,"Mario K.",field_60ed4e655dfec,20210515,field_60ed4e8c5dfed,5/5,field_60ed69d53445c
869,"Sehr einfach zu benuten","Mir waren oft unterschiedliche Bewertungen auf Handelsplattformen begegnet. Ich wollte aber etwas Automatisiertes ausprobieren. Es kostete mich drei Jahre, um zu verstehen, dass ich einem Roboter voll und ganz vertrauen kann. Der Handel mit Kryptowährungen war noch nie so einfach. Ich empfehle jedem weitere Informationen auf der offiziellen Website von [funnel] nachzulesen. Ich habe bereits 400 Dollar investiert und die ganze Sache hat sich nach vier Monaten ausgezahlt. Nun denke ich mir - was wäre passiert, wenn ich es unternommen hätte, als Bitcoin noch etwa 1 US-Dollar wert war?",219,de,"Wolfgang V.",field_60ed4e655dfec,20210118,field_60ed4e8c5dfed,5/5,field_60ed69d53445c
870,"Pures genießen","Das Wort ""begeister"" ist viel zu schwach um meine Emotionen zu beschreiben, wie gut [funnel] ist. Der Service ermöglicht es jedem, einen automatischen Suchmodus und Transaktionen mit Bitcoins auszuführen. Dies ist eine völlig neue Gelddruckmaschine, die 24/7 funktioniert. Wenn über diese Option früher erfahren hätte, würde mein Bankkonto jetzt anders aussehen. Dieser Roboter führt seine Funktionen bei 4/5 aus, was ich nicht gleich verstanden habe. Die Oberfläche kam mir zuerst ein bisschen sonderbar vor, aber später habe ich mich daran gewöhnt.",220,de,"Markus G.",field_60ed4e655dfec,20210522,field_60ed4e8c5dfed,4/5,field_60ed69d53445c
871,"Langfristig sieht alles perfekt aus","Als ich zum allerersten Mal vom automatisierten Handel erfuhr, war ich ein wenig skeptisch, da ich gewöhnt bin, alles im Kopf zu berechnen. Trotzdem veranlasste mich die [funnel]-Plattform alles in die Hände eines Roboters zu übergeben. Ich habe versucht, diese Handelsmethode zu verwenden und war angenehm überrascht. Die hätte ich schon längst machen müssen! Die Mindesteinzahlung ist vielleicht zu hoch, es wird aber sich langfristig lohnen.",221,de,"Jonas L.",field_60ed4e655dfec,20210224,field_60ed4e8c5dfed,5/5,field_60ed69d53445c
872,"Вie besten Erfahrungen","Ich möchte nun kurz über meine Erfahrungen mit dem System für den automatischen Kryptowährungshandel [funnel] erzählen. Ich war zuerst skeptisch, ob solche Roboter eingesetzt werden sollten. Nichtsdestoweniger habe ich nach einer Weile verstanden, dass es wirklich Sinn macht. Erstens sind die Spreads sehr gering. Zweitens, man braucht sich nicht die geringsten Sorgen um die ständige Beobachtung des Kurscharts zu machen. Der Rest der Bitcoin-Handelsplattformen lässt viel zu wünschen übrig. Ich glaube, falls Sie noch nie zuvor automatisierten Handel ausprobiert haben, ist die Zeit dafür schon gekommen.",222,de,"Max S.",field_60ed4e655dfec,20210401,field_60ed4e8c5dfed,4/5,field_60ed69d53445c
873,"Ein unglaublicher handel mit Krypto","So einen automatisierten Handel habe ich bisher noch nie erlebt. Auf der offiziellen Website von [funnel] sind alle notwendigen Informationen zu finden. Man kann die Funktionsweise von dem System verstehen und neue Dinge erlernen. Obwohl ich erst ein Anfänger bin, sind meine Gewinne ganz beträchtlich. Ich kann auch das Geld jederzeit abheben. Der technische Support ist auch auf einem hohen Niveau. Die ganze Sache empfehle ich gerne weiter.",223,de,"Mike R.",field_60ed4e655dfec,20210517,field_60ed4e8c5dfed,5/5,field_60ed69d53445c
874,"Es gibt nichts besser als die Software","Ich habe schon so viele verschiedene Fachberater, Roboter und Verkaufsstrategien ausprobiert. Einige davon waren ok, die anderen habe ich nur von der Seitenlinie aus beobachtet. Trotzdem ließen die Produkte noch viel zu wünschen übrig. Keins der Produkte ließ seinen Besitzer Geld verdienen. Mit [funnel] sieht alles ganz anders aus. 
 Ich habe lange nach einer Möglichkeit gesucht, den Handel an der Börse zu automatisieren. Der Bot hier macht es möglich. Mir gefällt auch seine Verfahrensweise. Sehr empfehlenswert.",224,de,"Marko F.",field_60ed4e655dfec,20210406,field_60ed4e8c5dfed,4/5,field_60ed69d53445c
875,"Das beste Tool im Internet","Seitdem die Quarantäne im Jahr 2020 eingeführt worden ist, bin ich ein regelmäßiger Benutzer des Handelsterminals von [funnel] (ich habe auch die offizielle Website 2-3 Mal besucht). Die Funktionalität des Terminals ist beeindruckend. Alle Provisionen der Börse werden sofort berücksichtigt. Es besteht auch keine Notwendigkeit, den BNB-Saldo zu überwachen. Ich finde den Handel so bequem. Ihr könnt TP und SL mit der Maus neu anordnen. Außerdem sind die Entwickler vom Terminal ständig in Kontakt mit Benutzern. Komfortablere Bedingungen kann man sich kaum wünschen!",225,de,"Martin M.",field_60ed4e655dfec,20200422,field_60ed4e8c5dfed,5/5,field_60ed69d53445c
876,"Ich genieße den Service","Hallo zusammen! Ich hab' über den Service was zu sagen. Vor kurzem habe ich erfahren, dass es einen automatischen Handel gibt, der für euch die ganze Arbeit erledigt. Ich rate euch unbedingt die Website von [funnel] zu besuchen. Dort findet euch alle Informationen dazu, wie die Software funktioniert. Das ganze System ist sehr praktisch. Es spart euch Zeit. Das Einzige, was von euch erwartet wird, ist eine Einzahlung zu tätigen. Der technische Support is reaktionsschnell. Euer Geld werdet ihr problemlos abheben können. Die Platform ist bestimmt mehrerer Klicke wert.",226,de,"Luca K.",field_60ed4e655dfec,20210202,field_60ed4e8c5dfed,5/5,field_60ed69d53445c
877,"Eine neue Kunst im Trading","Nur weil ich die neue Art des Tradings toll finde, habe ich mich entschieden, eine Rezension hier zu schreiben. Das neue System ist perfekt für Anfänger geeignet. Auf [funnel] kann man auch viele nützliche Informationen finden. Mit der Platform kann man auch gutes Geld machen. Die Einzahlung ist gering. Mit dem Geldabheben gibt es ja nie Probleme. Der Algorithmus ist auch unentbehrlich, der macht die ganze Arbeit für mich. Ich brauche mir überhaupt keine Sorgen um Strategien zu machen. Es ist ja immer schön zu wissen, dass es jemanden gibt, der sich so eine Technologie hat einfallen lassen. Ich empfehle die gerne weiter.",227,de,"Kristian S.",field_60ed4e655dfec,20210108,field_60ed4e8c5dfed,4/5,field_60ed69d53445c
878,"Ein innovatives System","""Hallo! Ich bin nun seit mehr als sechs Monaten ein glücklicher Nutzer von [funnel]. Mein Fazit - das neue System ist ein richtiger Hammer! 
Dieses innovative Autotrading-System für Kryptowährungshandel hat eine Mindesteinzahlung von 250 EUR. Für mich heißt es, dass das Unternehmen ernsthafte Absichten hat. Nicht jeder wird mit dem System arbeiten, aber derjenige, der es macht, wird verstehen wie perfekt es ist. Euch werden viele Möglichkeiten angeboten, Geld von einem Brokerkonto einzuzahlen und abzuheben. Ich, z.B., bevorzuge Paypal. Die Benutzeroberfläche, die Webseite und die mobile App sind ganz einfach zu benutzen. Ich bin überzeugt, dass man es versuchen soll.",228,de,"Marco N.",field_60ed4e655dfec,20210306,field_60ed4e8c5dfed,4/5,field_60ed69d53445c
879,"Für allen Typen von Händlern","Die neue Software, von der ich vor kurzem erfahren habe, macht Wunder. Auf der offiziellen Webseite von [funnel] kann man alles nachlesen, wie das ganze System funktioniert. Mir gefällt die Tatsache, dass sowohl Anfänger als auch erfahrene Händler können was Neues da finden. Die Sotware macht nun alle Operationen für mich. Ich brauche mir überhaupt über nichts Sorgen zu machen. Sehr empfehlenswertes Tool fürs Handeln mit Kryptowährungen.",229,de,"Jan R.",field_60ed4e655dfec,20210715,field_60ed4e8c5dfed,4/5,field_60ed69d53445c
